grafo,versao_algoritmo,rodada,tempo_execucao,qtde_nos_ant,qtde_nos_dps,grau_max_ant,grau_max_dps,r_ant,r_dps
pl_grg_00100_0.al,1,0,1.0001659393310547,94,62,16,15,23026,23026
pl_grg_00100_0.al,1,1,0.0,94,62,16,15,23026,23026
pl_grg_00100_0.al,1,2,0.0,94,62,16,15,23026,23026
pl_grg_00100_0.al,1,3,0.0,94,62,16,15,23026,23026
pl_grg_00100_0.al,1,4,0.0,94,62,16,15,23026,23026
pl_grg_00100_1.al,1,0,0.0,94,47,14,13,23026,23026
pl_grg_00100_1.al,1,1,1.0001659393310547,94,47,14,13,23026,23026
pl_grg_00100_1.al,1,2,0.0,94,47,14,13,23026,23026
pl_grg_00100_1.al,1,3,0.0,94,47,14,13,23026,23026
pl_grg_00100_1.al,1,4,0.0,94,47,14,13,23026,23026
pl_grg_00100_2.al,1,0,0.0,94,53,12,8,23026,18421
pl_grg_00100_2.al,1,1,0.0,94,53,12,8,23026,18421
pl_grg_00100_2.al,1,2,0.0,94,53,12,8,23026,18421
pl_grg_00100_2.al,1,3,1.0001659393310547,94,53,12,8,23026,18421
pl_grg_00100_2.al,1,4,0.0,94,53,12,8,23026,18421
pl_grg_00100_3.al,1,0,0.0,94,59,10,9,23026,23026
pl_grg_00100_3.al,1,1,0.0,94,59,10,9,23026,23026
pl_grg_00100_3.al,1,2,0.0,94,59,10,9,23026,23026
pl_grg_00100_3.al,1,3,0.0,94,59,10,9,23026,23026
pl_grg_00100_3.al,1,4,0.0,94,59,10,9,23026,23026
pl_grg_00100_4.al,1,0,0.0,94,54,9,9,23026,23026
pl_grg_00100_4.al,1,1,0.0,94,54,9,9,23026,23026
pl_grg_00100_4.al,1,2,0.0,94,54,9,9,23026,23026
pl_grg_00100_4.al,1,3,0.0,94,54,9,9,23026,23026
pl_grg_00100_4.al,1,4,0.0,94,54,9,9,23026,23026
pl_grg_00250_0.al,1,0,0.0,240,143,17,16,27632,23026
pl_grg_00250_0.al,1,1,0.0,240,143,17,16,27632,23026
pl_grg_00250_0.al,1,2,0.0,240,143,17,16,27632,23026
pl_grg_00250_0.al,1,3,0.0,240,143,17,16,27632,23026
pl_grg_00250_0.al,1,4,1.0001659393310547,240,143,17,16,27632,23026
pl_grg_00250_1.al,1,0,0.0,240,146,16,14,23026,23026
pl_grg_00250_1.al,1,1,0.0,240,146,16,14,23026,23026
pl_grg_00250_1.al,1,2,0.0,240,146,16,14,23026,23026
pl_grg_00250_1.al,1,3,1.0001659393310547,240,146,16,14,23026,23026
pl_grg_00250_1.al,1,4,0.0,240,146,16,14,23026,23026
pl_grg_00250_2.al,1,0,0.0,240,159,15,14,23026,23026
pl_grg_00250_2.al,1,1,0.0,240,159,15,14,23026,23026
pl_grg_00250_2.al,1,2,0.0,240,159,15,14,23026,23026
pl_grg_00250_2.al,1,3,0.0,240,159,15,14,23026,23026
pl_grg_00250_2.al,1,4,0.0,240,159,15,14,23026,23026
pl_grg_00250_3.al,1,0,0.0,240,159,13,12,23026,23026
pl_grg_00250_3.al,1,1,0.0,240,159,13,12,23026,23026
pl_grg_00250_3.al,1,2,0.0,240,159,13,12,23026,23026
pl_grg_00250_3.al,1,3,1.0001659393310547,240,159,13,12,23026,23026
pl_grg_00250_3.al,1,4,1.0001659393310547,240,159,13,12,23026,23026
pl_grg_00250_4.al,1,0,0.0,240,145,20,19,27632,27632
pl_grg_00250_4.al,1,1,0.0,240,145,20,19,27632,27632
pl_grg_00250_4.al,1,2,0.0,240,145,20,19,27632,27632
pl_grg_00250_4.al,1,3,0.0,240,145,20,19,27632,27632
pl_grg_00250_4.al,1,4,1.0001659393310547,240,145,20,19,27632,27632
pl_grg_00500_0.al,1,0,0.0,486,301,19,19,27632,27632
pl_grg_00500_0.al,1,1,1.0001659393310547,486,301,19,19,27632,27632
pl_grg_00500_0.al,1,2,1.0001659393310547,486,301,19,19,27632,27632
pl_grg_00500_0.al,1,3,1.0004043579101562,486,301,19,19,27632,27632
pl_grg_00500_0.al,1,4,0.0,486,301,19,19,27632,27632
pl_grg_00500_1.al,1,0,0.0,486,287,19,19,27632,27632
pl_grg_00500_1.al,1,1,1.0004043579101562,486,287,19,19,27632,27632
pl_grg_00500_1.al,1,2,0.0,486,287,19,19,27632,27632
pl_grg_00500_1.al,1,3,0.0,486,287,19,19,27632,27632
pl_grg_00500_1.al,1,4,1.0001659393310547,486,287,19,19,27632,27632
pl_grg_00500_2.al,1,0,1.0004043579101562,486,311,18,16,27632,23026
pl_grg_00500_2.al,1,1,0.0,486,311,18,16,27632,23026
pl_grg_00500_2.al,1,2,0.0,486,311,18,16,27632,23026
pl_grg_00500_2.al,1,3,1.0001659393310547,486,311,18,16,27632,23026
pl_grg_00500_2.al,1,4,1.0004043579101562,486,311,18,16,27632,23026
pl_grg_00500_3.al,1,0,0.0,486,290,25,20,27632,27632
pl_grg_00500_3.al,1,1,0.9999275207519531,486,290,25,20,27632,27632
pl_grg_00500_3.al,1,2,0.9999275207519531,486,290,25,20,27632,27632
pl_grg_00500_3.al,1,3,0.0,486,290,25,20,27632,27632
pl_grg_00500_3.al,1,4,0.0,486,290,25,20,27632,27632
pl_grg_00500_4.al,1,0,1.0001659393310547,486,297,21,18,27632,27632
pl_grg_00500_4.al,1,1,0.9999275207519531,486,297,21,18,27632,27632
pl_grg_00500_4.al,1,2,0.0,486,297,21,18,27632,27632
pl_grg_00500_4.al,1,3,1.0004043579101562,486,297,21,18,27632,27632
pl_grg_00500_4.al,1,4,1.0001659393310547,486,297,21,18,27632,27632
pl_grg_01000_0.al,1,0,2.0003318786621094,982,628,23,21,27632,27632
pl_grg_01000_0.al,1,1,1.0001659393310547,982,628,23,21,27632,27632
pl_grg_01000_0.al,1,2,2.0003318786621094,982,628,23,21,27632,27632
pl_grg_01000_0.al,1,3,1.0001659393310547,982,628,23,21,27632,27632
pl_grg_01000_0.al,1,4,1.0001659393310547,982,628,23,21,27632,27632
pl_grg_01000_1.al,1,0,1.0001659393310547,982,599,23,22,27632,27632
pl_grg_01000_1.al,1,1,2.0003318786621094,982,599,23,22,27632,27632
pl_grg_01000_1.al,1,2,1.0001659393310547,982,599,23,22,27632,27632
pl_grg_01000_1.al,1,3,1.0001659393310547,982,599,23,22,27632,27632
pl_grg_01000_1.al,1,4,2.0003318786621094,982,599,23,22,27632,27632
pl_grg_01000_2.al,1,0,1.0001659393310547,982,634,25,24,27632,27632
pl_grg_01000_2.al,1,1,0.0,982,634,25,24,27632,27632
pl_grg_01000_2.al,1,2,1.0004043579101562,982,634,25,24,27632,27632
pl_grg_01000_2.al,1,3,1.0004043579101562,982,634,25,24,27632,27632
pl_grg_01000_2.al,1,4,1.0004043579101562,982,634,25,24,27632,27632
pl_grg_01000_3.al,1,0,1.0004043579101562,982,592,26,25,27632,27632
pl_grg_01000_3.al,1,1,1.0004043579101562,982,592,26,25,27632,27632
pl_grg_01000_3.al,1,2,2.000093460083008,982,592,26,25,27632,27632
pl_grg_01000_3.al,1,3,2.0003318786621094,982,592,26,25,27632,27632
pl_grg_01000_3.al,1,4,1.0001659393310547,982,592,26,25,27632,27632
pl_grg_01000_4.al,1,0,1.0001659393310547,982,613,30,25,27632,27632
pl_grg_01000_4.al,1,1,2.0003318786621094,982,613,30,25,27632,27632
pl_grg_01000_4.al,1,2,1.0006427764892578,982,613,30,25,27632,27632
pl_grg_01000_4.al,1,3,2.000093460083008,982,613,30,25,27632,27632
pl_grg_01000_4.al,1,4,1.0004043579101562,982,613,30,25,27632,27632
pl_grg_02000_0.al,1,0,3.0007362365722656,1975,1285,32,29,27632,27632
pl_grg_02000_0.al,1,1,2.000570297241211,1975,1285,32,29,27632,27632
pl_grg_02000_0.al,1,2,2.0003318786621094,1975,1285,32,29,27632,27632
pl_grg_02000_0.al,1,3,2.000570297241211,1975,1285,32,29,27632,27632
pl_grg_02000_0.al,1,4,2.000570297241211,1975,1285,32,29,27632,27632
pl_grg_02000_1.al,1,0,3.000497817993164,1975,1279,31,30,27632,27632
pl_grg_02000_1.al,1,1,2.0003318786621094,1975,1279,31,30,27632,27632
pl_grg_02000_1.al,1,2,2.0003318786621094,1975,1279,31,30,27632,27632
pl_grg_02000_1.al,1,3,3.000974655151367,1975,1279,31,30,27632,27632
pl_grg_02000_1.al,1,4,2.0003318786621094,1975,1279,31,30,27632,27632
pl_grg_02000_2.al,1,0,2.000570297241211,1975,1296,32,29,27632,27632
pl_grg_02000_2.al,1,1,3.000497817993164,1975,1296,32,29,27632,27632
pl_grg_02000_2.al,1,2,2.0003318786621094,1975,1296,32,29,27632,27632
pl_grg_02000_2.al,1,3,2.000093460083008,1975,1296,32,29,27632,27632
pl_grg_02000_2.al,1,4,1.9998550415039062,1975,1296,32,29,27632,27632
pl_grg_02000_3.al,1,0,3.000497817993164,1975,1275,32,30,27632,27632
pl_grg_02000_3.al,1,1,2.000570297241211,1975,1275,32,30,27632,27632
pl_grg_02000_3.al,1,2,2.000570297241211,1975,1275,32,30,27632,27632
pl_grg_02000_3.al,1,3,3.0007362365722656,1975,1275,32,30,27632,27632
pl_grg_02000_3.al,1,4,3.0007362365722656,1975,1275,32,30,27632,27632
pl_grg_02000_4.al,1,0,2.0003318786621094,1975,1242,33,29,32237,27632
pl_grg_02000_4.al,1,1,3.000974655151367,1975,1242,33,29,32237,27632
pl_grg_02000_4.al,1,2,2.000093460083008,1975,1242,33,29,32237,27632
pl_grg_02000_4.al,1,3,2.000093460083008,1975,1242,33,29,32237,27632
pl_grg_02000_4.al,1,4,3.000497817993164,1975,1242,33,29,32237,27632
pl_grg_04000_0.al,1,0,5.001306533813477,3968,2531,45,40,32237,32237
pl_grg_04000_0.al,1,1,5.001306533813477,3968,2531,45,40,32237,32237
pl_grg_04000_0.al,1,2,5.000829696655273,3968,2531,45,40,32237,32237
pl_grg_04000_0.al,1,3,6.001472473144531,3968,2531,45,40,32237,32237
pl_grg_04000_0.al,1,4,5.001068115234375,3968,2531,45,40,32237,32237
pl_grg_04000_1.al,1,0,5.001068115234375,3968,2594,39,37,32237,32237
pl_grg_04000_1.al,1,1,5.000591278076172,3968,2594,39,37,32237,32237
pl_grg_04000_1.al,1,2,5.001306533813477,3968,2594,39,37,32237,32237
pl_grg_04000_1.al,1,3,5.001306533813477,3968,2594,39,37,32237,32237
pl_grg_04000_1.al,1,4,5.001068115234375,3968,2594,39,37,32237,32237
pl_grg_04000_2.al,1,0,4.00090217590332,3968,2492,40,38,32237,32237
pl_grg_04000_2.al,1,1,4.00090217590332,3968,2492,40,38,32237,32237
pl_grg_04000_2.al,1,2,5.001068115234375,3968,2492,40,38,32237,32237
pl_grg_04000_2.al,1,3,5.001068115234375,3968,2492,40,38,32237,32237
pl_grg_04000_2.al,1,4,5.001068115234375,3968,2492,40,38,32237,32237
pl_grg_04000_3.al,1,0,5.001306533813477,3968,2604,43,39,32237,32237
pl_grg_04000_3.al,1,1,5.001068115234375,3968,2604,43,39,32237,32237
pl_grg_04000_3.al,1,2,5.001544952392578,3968,2604,43,39,32237,32237
pl_grg_04000_3.al,1,3,5.000829696655273,3968,2604,43,39,32237,32237
pl_grg_04000_3.al,1,4,5.001306533813477,3968,2604,43,39,32237,32237
pl_grg_04000_4.al,1,0,4.00090217590332,3968,2574,44,38,32237,32237
pl_grg_04000_4.al,1,1,4.001140594482422,3968,2574,44,38,32237,32237
pl_grg_04000_4.al,1,2,4.00090217590332,3968,2574,44,38,32237,32237
pl_grg_04000_4.al,1,3,5.000829696655273,3968,2574,44,38,32237,32237
pl_grg_04000_4.al,1,4,5.001306533813477,3968,2574,44,38,32237,32237
pl_grg_08000_0.al,1,0,9.001970291137695,7955,5084,50,50,32237,32237
pl_grg_08000_0.al,1,1,9.002208709716797,7955,5084,50,50,32237,32237
pl_grg_08000_0.al,1,2,9.001970291137695,7955,5084,50,50,32237,32237
pl_grg_08000_0.al,1,3,10.002613067626953,7955,5084,50,50,32237,32237
pl_grg_08000_0.al,1,4,9.002208709716797,7955,5084,50,50,32237,32237
pl_grg_08000_1.al,1,0,12.002229690551758,7955,5095,53,47,32237,32237
pl_grg_08000_1.al,1,1,11.002302169799805,7955,5095,53,47,32237,32237
pl_grg_08000_1.al,1,2,11.002302169799805,7955,5095,53,47,32237,32237
pl_grg_08000_1.al,1,3,10.002374649047852,7955,5095,53,47,32237,32237
pl_grg_08000_1.al,1,4,11.002302169799805,7955,5095,53,47,32237,32237
pl_grg_08000_2.al,1,0,11.002540588378906,7955,5195,63,57,32237,32237
pl_grg_08000_2.al,1,1,12.003183364868164,7955,5195,63,57,32237,32237
pl_grg_08000_2.al,1,2,12.002706527709961,7955,5195,63,57,32237,32237
pl_grg_08000_2.al,1,3,11.002302169799805,7955,5195,63,57,32237,32237
pl_grg_08000_2.al,1,4,10.002374649047852,7955,5195,63,57,32237,32237
pl_grg_08000_3.al,1,0,10.002374649047852,7955,5147,71,65,36842,36842
pl_grg_08000_3.al,1,1,11.002779006958008,7955,5147,71,65,36842,36842
pl_grg_08000_3.al,1,2,10.002374649047852,7955,5147,71,65,36842,36842
pl_grg_08000_3.al,1,3,11.002779006958008,7955,5147,71,65,36842,36842
pl_grg_08000_3.al,1,4,11.002302169799805,7955,5147,71,65,36842,36842
pl_grg_08000_4.al,1,0,10.002374649047852,7955,5137,57,51,32237,32237
pl_grg_08000_4.al,1,1,10.001897811889648,7955,5137,57,51,32237,32237
pl_grg_08000_4.al,1,2,11.002779006958008,7955,5137,57,51,32237,32237
pl_grg_08000_4.al,1,3,11.002063751220703,7955,5137,57,51,32237,32237
pl_grg_08000_4.al,1,4,11.002063751220703,7955,5137,57,51,32237,32237
pl_grg_16000_0.al,1,0,30.006885528564453,15943,10425,80,74,36842,36842
pl_grg_16000_0.al,1,1,21.004676818847656,15943,10425,80,74,36842,36842
pl_grg_16000_0.al,1,2,23.005247116088867,15943,10425,80,74,36842,36842
pl_grg_16000_0.al,1,3,21.004676818847656,15943,10425,80,74,36842,36842
pl_grg_16000_0.al,1,4,21.004199981689453,15943,10425,80,74,36842,36842
pl_grg_16000_1.al,1,0,26.00574493408203,15943,10321,70,65,36842,36842
pl_grg_16000_1.al,1,1,23.005008697509766,15943,10321,70,65,36842,36842
pl_grg_16000_1.al,1,2,29.0071964263916,15943,10321,70,65,36842,36842
pl_grg_16000_1.al,1,3,26.160717010498047,15943,10321,70,65,36842,36842
pl_grg_16000_1.al,1,4,24.00493621826172,15943,10321,70,65,36842,36842
pl_grg_16000_2.al,1,0,25.005340576171875,15943,10292,82,74,36842,36842
pl_grg_16000_2.al,1,1,24.586915969848633,15943,10292,82,74,36842,36842
pl_grg_16000_2.al,1,2,24.005413055419922,15943,10292,82,74,36842,36842
pl_grg_16000_2.al,1,3,26.006698608398438,15943,10292,82,74,36842,36842
pl_grg_16000_2.al,1,4,25.005340576171875,15943,10292,82,74,36842,36842
pl_grg_16000_3.al,1,0,24.004697799682617,15943,10270,74,68,36842,36842
pl_grg_16000_3.al,1,1,24.005413055419922,15943,10270,74,68,36842,36842
pl_grg_16000_3.al,1,2,25.00438690185547,15943,10270,74,68,36842,36842
pl_grg_16000_3.al,1,3,30.005455017089844,15943,10270,74,68,36842,36842
pl_grg_16000_3.al,1,4,27.005910873413086,15943,10270,74,68,36842,36842
pl_grg_16000_4.al,1,0,29.006242752075195,15943,10366,82,80,36842,36842
pl_grg_16000_4.al,1,1,31.006813049316406,15943,10366,82,80,36842,36842
pl_grg_16000_4.al,1,2,29.0071964263916,15943,10366,82,80,36842,36842
pl_grg_16000_4.al,1,3,28.005599975585938,15943,10366,82,80,36842,36842
pl_grg_16000_4.al,1,4,28.007030487060547,15943,10366,82,80,36842,36842
pl_grg_32000_0.al,1,0,47.01042175292969,31925,20526,105,99,36842,36842
pl_grg_32000_0.al,1,1,49.0114688873291,31925,20526,105,99,36842,36842
pl_grg_32000_0.al,1,2,47.01042175292969,31925,20526,105,99,36842,36842
pl_grg_32000_0.al,1,3,46.010494232177734,31925,20526,105,99,36842,36842
pl_grg_32000_0.al,1,4,50.01115798950195,31925,20526,105,99,36842,36842
pl_grg_32000_1.al,1,0,53.01165580749512,31925,20689,80,76,36842,36842
pl_grg_32000_1.al,1,1,53.01189422607422,31925,20689,80,76,36842,36842
pl_grg_32000_1.al,1,2,58.013200759887695,31925,20689,80,76,36842,36842
pl_grg_32000_1.al,1,3,55.01222610473633,31925,20689,80,76,36842,36842
pl_grg_32000_1.al,1,4,55.01222610473633,31925,20689,80,76,36842,36842
pl_grg_32000_2.al,1,0,46.01025581359863,31925,20785,88,81,36842,36842
pl_grg_32000_2.al,1,1,47.01066017150879,31925,20785,88,81,36842,36842
pl_grg_32000_2.al,1,2,48.01058769226074,31925,20785,88,81,36842,36842
pl_grg_32000_2.al,1,3,49.0109920501709,31925,20785,88,81,36842,36842
pl_grg_32000_2.al,1,4,48.01058769226074,31925,20785,88,81,36842,36842
pl_grg_32000_3.al,1,0,57.01279640197754,31925,20755,103,100,36842,36842
pl_grg_32000_3.al,1,1,60.013532638549805,31925,20755,103,100,36842,36842
pl_grg_32000_3.al,1,2,60.01400947570801,31925,20755,103,100,36842,36842
pl_grg_32000_3.al,1,3,61.01346015930176,31925,20755,103,100,36842,36842
pl_grg_32000_3.al,1,4,62.28995323181152,31925,20755,103,100,36842,36842
pl_grg_32000_4.al,1,0,53.01165580749512,31925,20538,97,88,36842,36842
pl_grg_32000_4.al,1,1,55.01198768615723,31925,20538,97,88,36842,36842
pl_grg_32000_4.al,1,2,59.01288986206055,31925,20538,97,88,36842,36842
pl_grg_32000_4.al,1,3,55.01246452331543,31925,20538,97,88,36842,36842
pl_grg_32000_4.al,1,4,54.01206016540527,31925,20538,97,88,36842,36842
pl_grg_00100_0.al,2,0,0.0,94,62,16,15,23026,23026
pl_grg_00100_0.al,2,1,0.0,94,62,16,15,23026,23026
pl_grg_00100_0.al,2,2,0.0,94,62,16,15,23026,23026
pl_grg_00100_0.al,2,3,0.0,94,62,16,15,23026,23026
pl_grg_00100_0.al,2,4,1.0004043579101562,94,62,16,15,23026,23026
pl_grg_00100_1.al,2,0,0.0,94,47,14,13,23026,23026
pl_grg_00100_1.al,2,1,0.0,94,47,14,13,23026,23026
pl_grg_00100_1.al,2,2,0.0,94,47,14,13,23026,23026
pl_grg_00100_1.al,2,3,1.0001659393310547,94,47,14,13,23026,23026
pl_grg_00100_1.al,2,4,0.0,94,47,14,13,23026,23026
pl_grg_00100_2.al,2,0,0.0,94,53,12,8,23026,18421
pl_grg_00100_2.al,2,1,0.0,94,53,12,8,23026,18421
pl_grg_00100_2.al,2,2,0.0,94,53,12,8,23026,18421
pl_grg_00100_2.al,2,3,0.0,94,53,12,8,23026,18421
pl_grg_00100_2.al,2,4,0.0,94,53,12,8,23026,18421
pl_grg_00100_3.al,2,0,0.0,94,59,10,9,23026,23026
pl_grg_00100_3.al,2,1,0.0,94,59,10,9,23026,23026
pl_grg_00100_3.al,2,2,0.0,94,59,10,9,23026,23026
pl_grg_00100_3.al,2,3,0.0,94,59,10,9,23026,23026
pl_grg_00100_3.al,2,4,0.0,94,59,10,9,23026,23026
pl_grg_00100_4.al,2,0,0.0,94,54,9,9,23026,23026
pl_grg_00100_4.al,2,1,0.0,94,54,9,9,23026,23026
pl_grg_00100_4.al,2,2,0.0,94,54,9,9,23026,23026
pl_grg_00100_4.al,2,3,0.0,94,54,9,9,23026,23026
pl_grg_00100_4.al,2,4,0.0,94,54,9,9,23026,23026
pl_grg_00250_0.al,2,0,0.0,240,143,17,16,27632,23026
pl_grg_00250_0.al,2,1,0.0,240,143,17,16,27632,23026
pl_grg_00250_0.al,2,2,0.0,240,143,17,16,27632,23026
pl_grg_00250_0.al,2,3,0.0,240,143,17,16,27632,23026
pl_grg_00250_0.al,2,4,0.0,240,143,17,16,27632,23026
pl_grg_00250_1.al,2,0,1.0004043579101562,240,146,16,14,23026,23026
pl_grg_00250_1.al,2,1,0.0,240,146,16,14,23026,23026
pl_grg_00250_1.al,2,2,1.0001659393310547,240,146,16,14,23026,23026
pl_grg_00250_1.al,2,3,1.0001659393310547,240,146,16,14,23026,23026
pl_grg_00250_1.al,2,4,0.0,240,146,16,14,23026,23026
pl_grg_00250_2.al,2,0,0.0,240,159,15,14,23026,23026
pl_grg_00250_2.al,2,1,1.0004043579101562,240,159,15,14,23026,23026
pl_grg_00250_2.al,2,2,1.0001659393310547,240,159,15,14,23026,23026
pl_grg_00250_2.al,2,3,0.0,240,159,15,14,23026,23026
pl_grg_00250_2.al,2,4,0.0,240,159,15,14,23026,23026
pl_grg_00250_3.al,2,0,0.0,240,159,13,12,23026,23026
pl_grg_00250_3.al,2,1,0.0,240,159,13,12,23026,23026
pl_grg_00250_3.al,2,2,1.0001659393310547,240,159,13,12,23026,23026
pl_grg_00250_3.al,2,3,0.0,240,159,13,12,23026,23026
pl_grg_00250_3.al,2,4,0.0,240,159,13,12,23026,23026
pl_grg_00250_4.al,2,0,1.0006427764892578,240,145,20,19,27632,27632
pl_grg_00250_4.al,2,1,0.0,240,145,20,19,27632,27632
pl_grg_00250_4.al,2,2,0.0,240,145,20,19,27632,27632
pl_grg_00250_4.al,2,3,0.0,240,145,20,19,27632,27632
pl_grg_00250_4.al,2,4,0.0,240,145,20,19,27632,27632
pl_grg_00500_0.al,2,0,0.0,486,301,19,19,27632,27632
pl_grg_00500_0.al,2,1,0.9999275207519531,486,301,19,19,27632,27632
pl_grg_00500_0.al,2,2,0.0,486,301,19,19,27632,27632
pl_grg_00500_0.al,2,3,1.0001659393310547,486,301,19,19,27632,27632
pl_grg_00500_0.al,2,4,0.0,486,301,19,19,27632,27632
pl_grg_00500_1.al,2,0,0.0,486,287,19,19,27632,27632
pl_grg_00500_1.al,2,1,1.0006427764892578,486,287,19,19,27632,27632
pl_grg_00500_1.al,2,2,0.0,486,287,19,19,27632,27632
pl_grg_00500_1.al,2,3,0.0,486,287,19,19,27632,27632
pl_grg_00500_1.al,2,4,1.0001659393310547,486,287,19,19,27632,27632
pl_grg_00500_2.al,2,0,1.0006427764892578,486,311,18,16,27632,23026
pl_grg_00500_2.al,2,1,0.0,486,311,18,16,27632,23026
pl_grg_00500_2.al,2,2,1.0001659393310547,486,311,18,16,27632,23026
pl_grg_00500_2.al,2,3,0.0,486,311,18,16,27632,23026
pl_grg_00500_2.al,2,4,0.9999275207519531,486,311,18,16,27632,23026
pl_grg_00500_3.al,2,0,1.0006427764892578,486,290,25,20,27632,27632
pl_grg_00500_3.al,2,1,0.0,486,290,25,20,27632,27632
pl_grg_00500_3.al,2,2,0.0,486,290,25,20,27632,27632
pl_grg_00500_3.al,2,3,1.0004043579101562,486,290,25,20,27632,27632
pl_grg_00500_3.al,2,4,0.0,486,290,25,20,27632,27632
pl_grg_00500_4.al,2,0,0.0,486,297,21,18,27632,27632
pl_grg_00500_4.al,2,1,1.0001659393310547,486,297,21,18,27632,27632
pl_grg_00500_4.al,2,2,0.0,486,297,21,18,27632,27632
pl_grg_00500_4.al,2,3,1.0001659393310547,486,297,21,18,27632,27632
pl_grg_00500_4.al,2,4,0.0,486,297,21,18,27632,27632
pl_grg_01000_0.al,2,0,1.0004043579101562,982,628,23,21,27632,27632
pl_grg_01000_0.al,2,1,1.0001659393310547,982,628,23,21,27632,27632
pl_grg_01000_0.al,2,2,0.0,982,628,23,21,27632,27632
pl_grg_01000_0.al,2,3,0.0,982,628,23,21,27632,27632
pl_grg_01000_0.al,2,4,1.0004043579101562,982,628,23,21,27632,27632
pl_grg_01000_1.al,2,0,1.0001659393310547,982,599,23,22,27632,27632
pl_grg_01000_1.al,2,1,0.0,982,599,23,22,27632,27632
pl_grg_01000_1.al,2,2,0.0,982,599,23,22,27632,27632
pl_grg_01000_1.al,2,3,1.0001659393310547,982,599,23,22,27632,27632
pl_grg_01000_1.al,2,4,1.0001659393310547,982,599,23,22,27632,27632
pl_grg_01000_2.al,2,0,1.0004043579101562,982,634,25,24,27632,27632
pl_grg_01000_2.al,2,1,1.0001659393310547,982,634,25,24,27632,27632
pl_grg_01000_2.al,2,2,1.0001659393310547,982,634,25,24,27632,27632
pl_grg_01000_2.al,2,3,1.0001659393310547,982,634,25,24,27632,27632
pl_grg_01000_2.al,2,4,1.0004043579101562,982,634,25,24,27632,27632
pl_grg_01000_3.al,2,0,1.0004043579101562,982,592,26,25,27632,27632
pl_grg_01000_3.al,2,1,1.0001659393310547,982,592,26,25,27632,27632
pl_grg_01000_3.al,2,2,1.0001659393310547,982,592,26,25,27632,27632
pl_grg_01000_3.al,2,3,1.0004043579101562,982,592,26,25,27632,27632
pl_grg_01000_3.al,2,4,1.0001659393310547,982,592,26,25,27632,27632
pl_grg_01000_4.al,2,0,1.0001659393310547,982,613,30,25,27632,27632
pl_grg_01000_4.al,2,1,1.0001659393310547,982,613,30,25,27632,27632
pl_grg_01000_4.al,2,2,0.0,982,613,30,25,27632,27632
pl_grg_01000_4.al,2,3,0.0,982,613,30,25,27632,27632
pl_grg_01000_4.al,2,4,1.0001659393310547,982,613,30,25,27632,27632
pl_grg_02000_0.al,2,0,2.0008087158203125,1975,1285,32,29,27632,27632
pl_grg_02000_0.al,2,1,2.0003318786621094,1975,1285,32,29,27632,27632
pl_grg_02000_0.al,2,2,1.0004043579101562,1975,1285,32,29,27632,27632
pl_grg_02000_0.al,2,3,2.0003318786621094,1975,1285,32,29,27632,27632
pl_grg_02000_0.al,2,4,2.0003318786621094,1975,1285,32,29,27632,27632
pl_grg_02000_1.al,2,0,2.000570297241211,1975,1279,31,30,27632,27632
pl_grg_02000_1.al,2,1,2.000570297241211,1975,1279,31,30,27632,27632
pl_grg_02000_1.al,2,2,1.0004043579101562,1975,1279,31,30,27632,27632
pl_grg_02000_1.al,2,3,0.9999275207519531,1975,1279,31,30,27632,27632
pl_grg_02000_1.al,2,4,2.000570297241211,1975,1279,31,30,27632,27632
pl_grg_02000_2.al,2,0,1.0004043579101562,1975,1296,32,29,27632,27632
pl_grg_02000_2.al,2,1,2.001047134399414,1975,1296,32,29,27632,27632
pl_grg_02000_2.al,2,2,2.0003318786621094,1975,1296,32,29,27632,27632
pl_grg_02000_2.al,2,3,1.0001659393310547,1975,1296,32,29,27632,27632
pl_grg_02000_2.al,2,4,2.0003318786621094,1975,1296,32,29,27632,27632
pl_grg_02000_3.al,2,0,2.0003318786621094,1975,1275,32,30,27632,27632
pl_grg_02000_3.al,2,1,0.9999275207519531,1975,1275,32,30,27632,27632
pl_grg_02000_3.al,2,2,1.0001659393310547,1975,1275,32,30,27632,27632
pl_grg_02000_3.al,2,3,2.0003318786621094,1975,1275,32,30,27632,27632
pl_grg_02000_3.al,2,4,2.000570297241211,1975,1275,32,30,27632,27632
pl_grg_02000_4.al,2,0,2.0003318786621094,1975,1242,33,29,32237,27632
pl_grg_02000_4.al,2,1,1.0001659393310547,1975,1242,33,29,32237,27632
pl_grg_02000_4.al,2,2,0.9999275207519531,1975,1242,33,29,32237,27632
pl_grg_02000_4.al,2,3,1.0001659393310547,1975,1242,33,29,32237,27632
pl_grg_02000_4.al,2,4,2.0003318786621094,1975,1242,33,29,32237,27632
pl_grg_04000_0.al,2,0,3.000497817993164,3968,2531,45,40,32237,32237
pl_grg_04000_0.al,2,1,4.001140594482422,3968,2531,45,40,32237,32237
pl_grg_04000_0.al,2,2,3.0002593994140625,3968,2531,45,40,32237,32237
pl_grg_04000_0.al,2,3,4.00090217590332,3968,2531,45,40,32237,32237
pl_grg_04000_0.al,2,4,3.000497817993164,3968,2531,45,40,32237,32237
pl_grg_04000_1.al,2,0,3.000974655151367,3968,2594,39,37,32237,32237
pl_grg_04000_1.al,2,1,3.0002593994140625,3968,2594,39,37,32237,32237
pl_grg_04000_1.al,2,2,3.000497817993164,3968,2594,39,37,32237,32237
pl_grg_04000_1.al,2,3,3.000497817993164,3968,2594,39,37,32237,32237
pl_grg_04000_1.al,2,4,3.000974655151367,3968,2594,39,37,32237,32237
pl_grg_04000_2.al,2,0,3.0007362365722656,3968,2492,40,38,32237,32237
pl_grg_04000_2.al,2,1,3.0007362365722656,3968,2492,40,38,32237,32237
pl_grg_04000_2.al,2,2,3.0007362365722656,3968,2492,40,38,32237,32237
pl_grg_04000_2.al,2,3,3.0007362365722656,3968,2492,40,38,32237,32237
pl_grg_04000_2.al,2,4,4.001140594482422,3968,2492,40,38,32237,32237
pl_grg_04000_3.al,2,0,3.0002593994140625,3968,2604,43,39,32237,32237
pl_grg_04000_3.al,2,1,3.000974655151367,3968,2604,43,39,32237,32237
pl_grg_04000_3.al,2,2,3.0007362365722656,3968,2604,43,39,32237,32237
pl_grg_04000_3.al,2,3,3.000497817993164,3968,2604,43,39,32237,32237
pl_grg_04000_3.al,2,4,4.001140594482422,3968,2604,43,39,32237,32237
pl_grg_04000_4.al,2,0,3.0007362365722656,3968,2574,44,38,32237,32237
pl_grg_04000_4.al,2,1,3.0002593994140625,3968,2574,44,38,32237,32237
pl_grg_04000_4.al,2,2,3.000497817993164,3968,2574,44,38,32237,32237
pl_grg_04000_4.al,2,3,3.000497817993164,3968,2574,44,38,32237,32237
pl_grg_04000_4.al,2,4,3.0007362365722656,3968,2574,44,38,32237,32237
pl_grg_08000_0.al,2,0,7.001638412475586,7955,5084,50,50,32237,32237
pl_grg_08000_0.al,2,1,7.001638412475586,7955,5084,50,50,32237,32237
pl_grg_08000_0.al,2,2,6.001472473144531,7955,5084,50,50,32237,32237
pl_grg_08000_0.al,2,3,7.001638412475586,7955,5084,50,50,32237,32237
pl_grg_08000_0.al,2,4,6.00123405456543,7955,5084,50,50,32237,32237
pl_grg_08000_1.al,2,0,7.0018768310546875,7955,5095,53,47,32237,32237
pl_grg_08000_1.al,2,1,6.00123405456543,7955,5095,53,47,32237,32237
pl_grg_08000_1.al,2,2,6.001472473144531,7955,5095,53,47,32237,32237
pl_grg_08000_1.al,2,3,6.001472473144531,7955,5095,53,47,32237,32237
pl_grg_08000_1.al,2,4,6.001472473144531,7955,5095,53,47,32237,32237
pl_grg_08000_2.al,2,0,6.000995635986328,7955,5195,63,57,32237,32237
pl_grg_08000_2.al,2,1,6.000995635986328,7955,5195,63,57,32237,32237
pl_grg_08000_2.al,2,2,6.001472473144531,7955,5195,63,57,32237,32237
pl_grg_08000_2.al,2,3,6.00123405456543,7955,5195,63,57,32237,32237
pl_grg_08000_2.al,2,4,6.001710891723633,7955,5195,63,57,32237,32237
pl_grg_08000_3.al,2,0,6.182193756103516,7955,5147,71,65,36842,36842
pl_grg_08000_3.al,2,1,6.001472473144531,7955,5147,71,65,36842,36842
pl_grg_08000_3.al,2,2,7.0018768310546875,7955,5147,71,65,36842,36842
pl_grg_08000_3.al,2,3,7.001399993896484,7955,5147,71,65,36842,36842
pl_grg_08000_3.al,2,4,7.000446319580078,7955,5147,71,65,36842,36842
pl_grg_08000_4.al,2,0,6.001472473144531,7955,5137,57,51,32237,32237
pl_grg_08000_4.al,2,1,7.000446319580078,7955,5137,57,51,32237,32237
pl_grg_08000_4.al,2,2,8.002281188964844,7955,5137,57,51,32237,32237
pl_grg_08000_4.al,2,3,6.000995635986328,7955,5137,57,51,32237,32237
pl_grg_08000_4.al,2,4,6.001472473144531,7955,5137,57,51,32237,32237
pl_grg_16000_0.al,2,0,13.003349304199219,15943,10425,80,74,36842,36842
pl_grg_16000_0.al,2,1,13.002872467041016,15943,10425,80,74,36842,36842
pl_grg_16000_0.al,2,2,14.003276824951172,15943,10425,80,74,36842,36842
pl_grg_16000_0.al,2,3,15.00391960144043,15943,10425,80,74,36842,36842
pl_grg_16000_0.al,2,4,14.003276824951172,15943,10425,80,74,36842,36842
pl_grg_16000_1.al,2,0,20.0045108795166,15943,10321,70,65,36842,36842
pl_grg_16000_1.al,2,1,18.00394058227539,15943,10321,70,65,36842,36842
pl_grg_16000_1.al,2,2,17.003774642944336,15943,10321,70,65,36842,36842
pl_grg_16000_1.al,2,3,17.003536224365234,15943,10321,70,65,36842,36842
pl_grg_16000_1.al,2,4,17.00305938720703,15943,10321,70,65,36842,36842
pl_grg_16000_2.al,2,0,16.00337028503418,15943,10292,82,74,36842,36842
pl_grg_16000_2.al,2,1,22.005796432495117,15943,10292,82,74,36842,36842
pl_grg_16000_2.al,2,2,15.003204345703125,15943,10292,82,74,36842,36842
pl_grg_16000_2.al,2,3,15.003204345703125,15943,10292,82,74,36842,36842
pl_grg_16000_2.al,2,4,14.002799987792969,15943,10292,82,74,36842,36842
pl_grg_16000_3.al,2,0,17.003536224365234,15943,10270,74,68,36842,36842
pl_grg_16000_3.al,2,1,17.004013061523438,15943,10270,74,68,36842,36842
pl_grg_16000_3.al,2,2,16.507863998413086,15943,10270,74,68,36842,36842
pl_grg_16000_3.al,2,3,14.003276824951172,15943,10270,74,68,36842,36842
pl_grg_16000_3.al,2,4,14.002561569213867,15943,10270,74,68,36842,36842
pl_grg_16000_4.al,2,0,14.003515243530273,15943,10366,82,80,36842,36842
pl_grg_16000_4.al,2,1,14.003515243530273,15943,10366,82,80,36842,36842
pl_grg_16000_4.al,2,2,14.003276824951172,15943,10366,82,80,36842,36842
pl_grg_16000_4.al,2,3,14.002799987792969,15943,10366,82,80,36842,36842
pl_grg_16000_4.al,2,4,14.003753662109375,15943,10366,82,80,36842,36842
pl_grg_32000_0.al,2,0,29.006242752075195,31925,20526,105,99,36842,36842
pl_grg_32000_0.al,2,1,32.007455825805664,31925,20526,105,99,36842,36842
pl_grg_32000_0.al,2,2,36.008596420288086,31925,20526,105,99,36842,36842
pl_grg_32000_0.al,2,3,33.007144927978516,31925,20526,105,99,36842,36842
pl_grg_32000_0.al,2,4,33.00738334655762,31925,20526,105,99,36842,36842
pl_grg_32000_1.al,2,0,32.007455825805664,31925,20689,80,76,36842,36842
pl_grg_32000_1.al,2,1,33.00738334655762,31925,20689,80,76,36842,36842
pl_grg_32000_1.al,2,2,32.00650215148926,31925,20689,80,76,36842,36842
pl_grg_32000_1.al,2,3,37.00852394104004,31925,20689,80,76,36842,36842
pl_grg_32000_1.al,2,4,32.00674057006836,31925,20689,80,76,36842,36842
pl_grg_32000_2.al,2,0,31.007051467895508,31925,20785,88,81,36842,36842
pl_grg_32000_2.al,2,1,29.0071964263916,31925,20785,88,81,36842,36842
pl_grg_32000_2.al,2,2,31.006574630737305,31925,20785,88,81,36842,36842
pl_grg_32000_2.al,2,3,32.00721740722656,31925,20785,88,81,36842,36842
pl_grg_32000_2.al,2,4,31.006574630737305,31925,20785,88,81,36842,36842
pl_grg_32000_3.al,2,0,29.0067195892334,31925,20755,103,100,36842,36842
pl_grg_32000_3.al,2,1,30.00664710998535,31925,20755,103,100,36842,36842
pl_grg_32000_3.al,2,2,31.006574630737305,31925,20755,103,100,36842,36842
pl_grg_32000_3.al,2,3,38.00821304321289,31925,20755,103,100,36842,36842
pl_grg_32000_3.al,2,4,33.00738334655762,31925,20755,103,100,36842,36842
pl_grg_32000_4.al,2,0,31.007051467895508,31925,20538,97,88,36842,36842
pl_grg_32000_4.al,2,1,31.006574630737305,31925,20538,97,88,36842,36842
pl_grg_32000_4.al,2,2,34.00754928588867,31925,20538,97,88,36842,36842
pl_grg_32000_4.al,2,3,31.007051467895508,31925,20538,97,88,36842,36842
pl_grg_32000_4.al,2,4,33.00738334655762,31925,20538,97,88,36842,36842
